create database practice;
use practice;
-- Create the table
CREATE TABLE orders (
    ord_no INT PRIMARY KEY,
    purch_amt DECIMAL(10, 2),
    ord_date DATE,
    customer_id INT,
    salesman_id INT
);

-- Insert data into the table
INSERT INTO orders (ord_no, purch_amt, ord_date, customer_id, salesman_id)
VALUES
    (70001, 150.5, '2012-10-05', 3005, 5002),
    (70009, 270.65, '2012-09-10', 3001, 5005),
    (70002, 65.26, '2012-10-05', 3002, 5001),
    (70004, 110.5, '2012-08-17', 3009, 5003),
    (70007, 948.5, '2012-09-10', 3005, 5002),
    (70005, 2400.6, '2012-07-27', 3007, 5001),
    (70008, 5760, '2012-09-10', 3002, 5001),
    (70010, 1983.43, '2012-10-10', 3004, 5006),
    (70003, 2480.4, '2012-10-10', 3009, 5003),
    (70012, 250.45, '2012-06-27', 3008, 5002),
    (70011, 75.29, '2012-08-17', 3003, 5007),
    (70013, 3045.6, '2012-04-25', 3002, 5001);
    
    
-- Create the table
CREATE TABLE emp_details (
    EMP_IDNO INT PRIMARY KEY,
    EMP_FNAME VARCHAR(50),
    EMP_LNAME VARCHAR(50),
    EMP_DEPT INT
);

-- Insert data into the table
INSERT INTO emp_details (EMP_IDNO, EMP_FNAME, EMP_LNAME, EMP_DEPT)
VALUES
    (127323, 'Michale', 'Robbin', 57),
    (526689, 'Carlos', 'Snares', 63),
    (843795, 'Enric', 'Dosio', 57),
    (328717, 'Jhon', 'Snares', 63),
    (444527, 'Joseph', 'Dosni', 47),
    (659831, 'Zanifer', 'Emily', 47),
    (847674, 'Kuleswar', 'Sitaraman', 57),
    (748681, 'Henrey', 'Gabriel', 47),
    (555935, 'Alex', 'Manuel', 57),
    (539569, 'George', 'Mardy', 27),
    (733843, 'Mario', 'Saule', 63),
    (631548, 'Alan', 'Snappy', 27),
    (839139, 'Maria', 'Foster', 57);


CREATE TABLE salesmen (
    salesman_id INT PRIMARY KEY,
    name VARCHAR(50),
    city VARCHAR(50),
    commission DECIMAL(4, 2)
);

-- Insert data into the table
INSERT INTO salesmen (salesman_id, name, city, commission)
VALUES
    (5001, 'James Hoog', 'New York', 0.15),
    (5002, 'Nail Knite', 'Paris', 0.13),
    (5005, 'Pit Alex', 'London', 0.11),
    (5006, 'Mc Lyon', 'Paris', 0.14),
    (5007, 'Paul Adam', 'Rome', 0.13),
    (5003, 'Lauson Hen', 'San Jose', 0.12);


-- Create the table
CREATE TABLE customers (
    customer_id INT PRIMARY KEY,
    cust_name VARCHAR(50),
    city VARCHAR(50),
    grade INT,
    salesman_id INT
);

-- Insert data into the table
INSERT INTO customers (customer_id, cust_name, city, grade, salesman_id)
VALUES
    (3002, 'Nick Rimando', 'New York', 100, 5001),
    (3007, 'Brad Davis', 'New York', 200, 5001),
    (3005, 'Graham Zusi', 'California', 200, 5002),
    (3008, 'Julian Green', 'London', 300, 5002),
    (3004, 'Fabian Johnson', 'Paris', 300, 5006),
    (3009, 'Geoff Cameron', 'Berlin', 100, 5003),
    (3003, 'Jozy Altidor', 'Moscow', 200, 5007),
    (3001, 'Brad Guzan', 'London', NULL, 5005);

-- Create the table
CREATE TABLE emp_department (
    DPT_CODE INT PRIMARY KEY,
    DPT_NAME VARCHAR(50),
    DPT_ALLOTMENT INT
);

-- Insert data into the table
INSERT INTO emp_department (DPT_CODE, DPT_NAME, DPT_ALLOTMENT)
VALUES
    (57, 'IT', 65000),
    (63, 'Finance', 15000),
    (47, 'HR', 240000),
    (27, 'RD', 55000),
    (89, 'QC', 75000);

CREATE TABLE item_mast (
    PRO_ID INT PRIMARY KEY,
    PRO_NAME VARCHAR(50),
    PRO_PRICE DECIMAL(10, 2),
    PRO_COM INT
);

-- Insert data into the table
INSERT INTO item_mast (PRO_ID, PRO_NAME, PRO_PRICE, PRO_COM)
VALUES
    (101, 'Mother Board', 3200.00, 15),
    (102, 'Key Board', 450.00, 16),
    (103, 'ZIP drive', 250.00, 14),
    (104, 'Speaker', 550.00, 16),
    (105, 'Monitor', 5000.00, 11),
    (106, 'DVD drive', 900.00, 12),
    (107, 'CD drive', 800.00, 12),
    (108, 'Printer', 2600.00, 13),
    (109, 'Refill cartridge', 350.00, 13),
    (110, 'Mouse', 250.00, 12);
